﻿<?xml version="1.0" encoding="UTF-8"?>
<!DOCTYPE hibernate-mapping
    PUBLIC "-//Hibernate/Hibernate Mapping DTD 3.0//EN"
    "http://hibernate.sourceforge.net/hibernate-mapping-3.0.dtd">

<hibernate-mapping>
    <class name="com.app.model.Admin" table="admin">
    	<id name="adm_autoid" type="integer">
            <column name="adm_autoid" />
            <generator class="native"></generator>
        </id>
    	<property name="adm_name" column="adm_name" />
    	<property name="adm_sex" column="adm_sex" />
    	<property name="adm_account" column="adm_account" />
    	<property name="adm_password" column="adm_password" />
    	<property name="adm_age" column="adm_age" />
    	<property name="adm_phone" column="adm_phone" />
    	<property name="flag" column="flag" />
    </class>

</hibernate-mapping>