<?xml version="1.0" encoding="UTF-8"?>
<admins>
     <success>true</success>
     <totalCount>1</totalCount>
     <admin>
       <Id>1</Id>
       <Name>Admin</Name>
       <Sex>男</Sex>
       <Account>Demo</Account>
       <Password>demo</Password>
       <Age>30</Age>
       <Phone>15189327324</Phone>
       <Flag>true</Flag>
       <Delete>false</Delete>
     </admin>
     <admin>
       <Id>2</Id>
       <Name>Wade</Name>
       <Sex>男</Sex>
       <Account>Demo1</Account>
       <Password>demo</Password>
       <Age>22</Age>
       <Phone>15189347346</Phone>
       <Flag>false</Flag>
       <Delete>false</Delete>
     </admin>
</admins>