<?xml version="1.0" encoding="UTF-8"?>
<clients>
     <success>true</success>
     <totalCount>1</totalCount>
     <client>
       <Id>demo</Id>
       <Password>demo</Password>
       <Name>朱川</Name>
       <Sex>男</Sex>
       <Date>15/5/1989</Date>
       <Idcard>445202198905150035</Idcard>
       <Phone>15089322324</Phone>
       <Email>920775380@qq.com</Email>
       <Address>惠州市惠城区惠州学院</Address>
       <Registration>19/8/2011</Registration>
       <Delete>false</Delete>
     </client>
</clients>