<?xml version="1.0" encoding="UTF-8"?>
<restaurants>
     <success>true</success>
     <totalCount>1</totalCount>
     <restaurant>
       <Id>restXFY01</Id>
       <Password>demo</Password>
       <Name>小肥羊（惠州万景台）</Name>
       <Address>惠州市河南岸新岸路万景台大厦（人人乐旁）</Address>
       <Coordinate></Coordinate>
       <Map></Map>
       <Phone>0752-2526818 0752-2526819</Phone>
       <Businesstime>午后营业</Businesstime>
       <Consumption>40元</Consumption>
       <Registration>19/8/2011</Registration>
       <Delete>false</Delete>
     </restaurant>
</restaurants>