﻿<?xml version="1.0" encoding="UTF-8" ?>
<!DOCTYPE struts PUBLIC
    "-//Apache Software Foundation//DTD Struts Configuration 2.0//EN"
    "http://struts.apache.org/dtds/struts-2.0.dtd">

<struts>
	<!-- 表明对象由spring产生 -->
	<constant name="objectFactory" value="spring" ></constant>
	<constant name="struts.i18n.encoding" value="utf-8" ></constant>
	<package name="action" extends="struts-default">
		<!-- 此时class为bean的id值 -->
		<action name="login" class="loginAction"></action>
		<action name="admin" class="adminAction"></action>
	</package>
</struts>