<?xml version="1.0" encoding="UTF-8"?>

<beans xmlns="http://www.springframework.org/schema/beans"
	xmlns:xsi="http://www.w3.org/2001/XMLSchema-instance"
	xmlns:context="http://www.springframework.org/schema/context"
	xmlns:aop="http://www.springframework.org/schema/aop"
	xmlns:tx="http://www.springframework.org/schema/tx"
	xsi:schemaLocation="http://www.springframework.org/schema/beans http://www.springframework.org/schema/beans/spring-beans-3.0.xsd
						http://www.springframework.org/schema/aop http://www.springframework.org/schema/aop/spring-aop-3.0.xsd
						http://www.springframework.org/schema/tx http://www.springframework.org/schema/tx/spring-tx-3.0.xsd
						http://www.springframework.org/schema/context http://www.springframework.org/schema/context/spring-context-3.0.xsd">
	
	<!-- 配置DAO层 -->
	<bean id="userDao" class="com.app.dao.impl.UserDaoImpl">
		<property name="sessionFactory">
			<ref bean="sessionFactory"/>
		</property>
	</bean>
	<bean id="adminDao" class="com.app.dao.impl.AdminDaoImpl">
		<property name="sessionFactory">
			<ref bean="sessionFactory"/>
		</property>
	</bean>
</beans>